workload,base_q,avg_wait,avg_resp,int_lat_mean,int_lat_p95,batch_slowdown,max_wait,starved,switches,switch_per_kt,migrations,util,overhead_frac,idle_frac,imbalance,makespan,jain_batch
interactive,1,440.32,0.01,2.468,8.8,2.943,241.1,0.0,695.3,182.887,0.0,0.644,0.183,0.173,0.0,3840.1,0.963
interactive,2,434.77,0.05,2.556,8.7,2.865,323.0,0.0,657.0,175.229,0.0,0.65,0.175,0.175,0.0,3806.2,0.962
interactive,4,408.12,1.42,2.334,8.0,2.769,323.8,0.0,626.4,168.569,0.0,0.654,0.169,0.178,0.0,3781.6,0.968
interactive,8,421.28,1.4,2.518,8.6,2.796,312.1,0.0,622.2,167.895,0.0,0.654,0.168,0.178,0.0,3776.6,0.967
interactive,16,426.59,1.95,2.892,10.0,2.729,383.7,0.0,610.8,165.158,0.0,0.656,0.165,0.179,0.0,3770.1,0.963
interactive,32,464.51,2.93,3.803,15.3,2.699,404.2,0.0,608.3,164.094,0.0,0.654,0.164,0.182,0.0,3777.3,0.963
interactive,64,536.32,5.79,5.543,34.2,2.641,402.5,0.0,597.7,160.387,0.0,0.651,0.16,0.189,0.0,3792.5,0.966
mixed,1,1972.0,0.04,1.224,5.4,5.959,265.0,0.0,904.1,152.774,0.0,0.78,0.153,0.068,0.0,5984.2,0.976
mixed,2,1869.62,0.22,1.096,4.6,5.707,578.2,0.0,677.3,120.489,0.0,0.81,0.12,0.07,0.0,5757.9,0.969
mixed,4,1797.89,0.9,1.066,3.8,5.478,696.8,0.0,577.5,105.501,0.0,0.824,0.106,0.071,0.0,5656.8,0.977
mixed,8,1775.08,1.08,1.524,4.6,5.356,734.2,0.0,531.5,98.322,0.0,0.83,0.098,0.071,0.0,5611.4,0.974
mixed,16,1758.71,1.33,2.667,7.6,5.325,860.0,0.0,501.2,93.492,0.0,0.835,0.093,0.072,0.0,5581.3,0.963
mixed,32,1855.36,3.28,5.654,22.5,5.368,795.1,0.0,483.6,90.724,0.0,0.837,0.091,0.072,0.0,5563.8,0.965
mixed,64,2077.99,13.05,15.472,100.0,5.309,762.0,0.0,456.7,86.199,0.0,0.842,0.086,0.072,0.0,5536.6,0.971
batch,1,4163.13,0.0,0.974,4.7,7.594,151.2,0.0,1076.4,131.654,0.0,0.833,0.132,0.035,0.0,8207.8,0.975
batch,2,3894.1,0.0,0.778,2.2,7.115,383.6,0.0,681.5,88.016,0.0,0.875,0.088,0.037,0.0,7813.4,0.976
batch,4,3813.64,0.29,0.769,1.5,7.024,643.1,0.0,491.6,65.403,0.0,0.897,0.065,0.038,0.0,7623.2,0.97
batch,8,3737.81,0.6,1.345,2.1,6.871,712.5,0.0,403.3,54.492,0.0,0.907,0.054,0.038,0.0,7536.3,0.962
batch,16,3651.05,2.7,2.728,8.2,6.658,804.6,0.0,350.3,47.799,0.0,0.914,0.048,0.039,0.0,7483.2,0.965
batch,32,3689.0,6.08,7.222,20.4,6.676,768.8,0.0,315.6,43.406,0.0,0.918,0.043,0.039,0.0,7447.7,0.963
batch,64,3891.74,28.31,22.576,227.5,6.74,751.8,0.0,280.9,38.943,0.0,0.922,0.039,0.039,0.0,7413.1,0.959
