workload,policy,avg_wait,avg_resp,int_lat_mean,int_lat_p95,batch_slowdown,max_wait,starved,switches,switch_per_kt,migrations,util,overhead_frac,idle_frac,imbalance,makespan,jain_batch
interactive,static,408.12,1.42,2.334,8.0,2.769,323.8,0.0,626.4,168.569,0.0,0.654,0.169,0.178,0.0,3781.6,0.968
interactive,load,475.61,0.51,3.265,12.3,2.862,393.4,0.0,671.4,176.604,0.0,0.64,0.177,0.183,0.0,3863.4,0.959
interactive,feedback,418.49,0.06,2.414,8.6,2.809,382.7,0.0,643.1,173.121,0.0,0.652,0.173,0.174,0.0,3787.6,0.967
interactive,hybrid,707.51,0.09,8.026,24.9,2.765,199.9,0.0,686.6,175.554,0.0,0.622,0.176,0.202,0.0,3971.2,0.963
mixed,static,1797.89,0.9,1.066,3.8,5.478,696.8,0.0,577.5,105.501,0.0,0.824,0.106,0.071,0.0,5656.8,0.977
mixed,load,1913.67,0.61,1.625,7.0,5.742,529.5,0.0,718.0,125.691,0.0,0.804,0.126,0.07,0.0,5798.8,0.971
mixed,feedback,1780.28,0.45,1.215,4.7,5.433,732.1,0.0,566.0,103.988,0.0,0.825,0.104,0.071,0.0,5646.1,0.973
mixed,hybrid,2569.26,0.53,25.727,103.4,5.617,353.2,0.0,648.8,114.709,0.0,0.795,0.115,0.091,0.0,5856.1,0.972
batch,static,3813.64,0.29,0.769,1.5,7.024,643.1,0.0,491.6,65.403,0.0,0.897,0.065,0.038,0.0,7623.2,0.97
batch,load,4069.16,0.14,1.123,5.2,7.414,245.1,0.0,888.6,110.825,0.0,0.853,0.111,0.036,0.0,8021.0,0.975
batch,feedback,3705.34,0.06,1.256,2.8,6.776,693.4,0.0,420.3,56.815,0.0,0.905,0.057,0.038,0.0,7551.1,0.971
batch,hybrid,4144.13,0.08,22.38,127.0,6.961,489.6,0.0,512.3,68.141,0.0,0.894,0.068,0.037,0.0,7643.4,0.967
bursty,static,2071.94,2.91,1.268,5.5,5.539,656.9,0.0,594.3,107.699,0.0,0.89,0.108,0.002,0.0,5748.8,0.97
bursty,load,2125.34,1.75,2.122,11.3,5.575,574.5,0.0,751.1,129.267,0.0,0.868,0.129,0.002,0.0,5906.5,0.975
bursty,feedback,2055.49,1.73,1.587,7.3,5.513,766.4,0.0,565.1,103.603,0.0,0.894,0.104,0.002,0.0,5720.7,0.968
bursty,hybrid,2688.71,1.6,25.457,95.8,5.417,347.0,0.0,692.0,123.565,0.0,0.873,0.124,0.003,0.0,5851.9,0.973
starve,static,5459.792,11.931,23.425,31.8,14.472,1003.9,2.4,2093.5,234.549,0.0,0.76,0.235,0.005,0.0,8926.0,1.0
starve,load,5698.631,1.354,23.023,33.2,14.844,927.3,0.0,2311.9,252.844,0.0,0.742,0.253,0.005,0.0,9143.9,1.0
starve,feedback,5588.031,0.715,23.219,34.2,14.598,953.8,0.0,2187.8,242.572,0.0,0.753,0.243,0.005,0.0,9019.5,1.0
starve,hybrid,6988.615,0.577,31.051,47.9,12.37,193.3,0.0,2784.7,288.867,0.0,0.704,0.289,0.007,0.0,9640.4,1.0
