policy,boost,avg_wait,avg_resp,int_lat_mean,int_lat_p95,batch_slowdown,max_wait,starved,switches,switch_per_kt,migrations,util,overhead_frac,idle_frac,imbalance,makespan,jain_batch
static,0,5381.108,11.931,22.929,30.0,14.441,6849.3,3.0,2069.4,232.474,0.0,0.762,0.232,0.005,0.0,8902.0,1.0
static,5000,5393.562,11.931,23.007,30.1,14.447,4850.0,3.0,2072.2,232.715,0.0,0.762,0.233,0.005,0.0,8904.8,1.0
static,2000,5417.538,11.931,23.156,30.7,14.46,1999.7,3.0,2083.4,233.697,0.0,0.761,0.234,0.005,0.0,8915.3,1.0
static,1000,5459.792,11.931,23.425,31.8,14.472,1003.9,3.0,2093.5,234.549,0.0,0.76,0.235,0.005,0.0,8926.0,1.0
static,500,5547.777,11.931,23.961,36.6,14.529,503.6,2.4,2125.1,237.252,0.0,0.758,0.237,0.005,0.0,8957.5,1.0
static,200,5818.208,12.092,25.664,40.2,14.634,208.8,0.0,2203.8,243.895,0.0,0.751,0.244,0.005,0.0,9036.2,1.0
static,100,6342.577,12.092,28.934,42.6,14.855,109.9,0.0,2325.2,253.902,0.0,0.741,0.254,0.005,0.0,9158.2,1.0
load,0,5424.492,1.354,22.865,30.0,14.52,6858.4,3.0,2120.1,236.828,0.0,0.758,0.237,0.005,0.0,8952.4,1.0
load,5000,5464.792,1.354,22.89,30.1,14.564,4765.0,3.0,2146.2,239.036,0.0,0.756,0.239,0.005,0.0,8978.9,1.0
load,2000,5542.808,1.354,22.893,30.7,14.678,1925.0,3.0,2205.9,244.063,0.0,0.751,0.244,0.005,0.0,9038.6,1.0
load,1000,5698.631,1.354,23.023,33.2,14.844,927.3,3.0,2311.9,252.844,0.0,0.742,0.253,0.005,0.0,9143.9,1.0
load,500,6004.254,1.354,23.175,44.3,15.186,432.3,0.0,2523.7,269.742,0.0,0.725,0.27,0.005,0.0,9356.3,1.0
load,200,7214.908,1.692,23.769,60.6,16.497,141.8,0.0,3312.1,326.509,0.0,0.669,0.327,0.004,0.0,10144.2,1.0
load,100,8336.515,1.869,21.077,45.1,18.44,102.2,0.0,4482.1,396.153,0.0,0.6,0.396,0.004,0.0,11314.1,1.0
hybrid,0,6669.262,0.577,33.703,46.8,11.293,90.2,0.0,2488.0,266.512,0.0,0.727,0.267,0.006,0.0,9335.8,1.0
hybrid,5000,6704.769,0.577,33.391,47.1,11.416,139.2,0.0,2522.8,269.395,0.0,0.725,0.269,0.006,0.0,9365.1,1.0
hybrid,2000,6800.977,0.577,32.399,47.1,11.731,162.1,0.0,2621.2,276.592,0.0,0.716,0.277,0.007,0.0,9477.1,1.0
hybrid,1000,6988.615,0.577,31.051,47.9,12.37,193.3,0.0,2784.7,288.867,0.0,0.704,0.289,0.007,0.0,9640.4,1.0
hybrid,500,7407.285,0.577,28.79,51.5,13.936,221.4,0.0,3119.8,311.745,0.0,0.678,0.312,0.01,0.0,10008.0,1.0
hybrid,200,8264.331,0.869,23.077,60.1,17.906,200.4,0.0,4149.2,377.669,0.0,0.618,0.378,0.005,0.0,10986.6,1.0
hybrid,100,8478.577,1.031,21.054,49.2,18.681,113.6,0.0,4644.9,404.732,0.0,0.591,0.405,0.004,0.0,11476.7,1.0
