ncpu,workload,config,avg_wait,avg_resp,int_lat_mean,int_lat_p95,batch_slowdown,max_wait,starved,switches,switch_per_kt,migrations,util,overhead_frac,idle_frac,imbalance,makespan,jain_batch
2,mixed,global,2840.213,0.383,7.081,22.1,8.264,897.9,0.0,1561.7,198.831,786.7,0.685,0.125,0.04,0.035,7933.9,0.966
2,mixed,global+hybrid,4349.304,0.304,39.011,116.5,9.066,300.4,0.0,2019.0,237.616,1005.8,0.635,0.149,0.039,0.029,8569.2,0.961
2,mixed,"percpu(soft,lb100)",2138.583,0.458,4.267,16.3,6.394,856.8,0.0,1442.3,221.4,66.1,0.821,0.111,0.052,0.022,6624.5,0.966
2,mixed,percpu+hybrid,3059.017,0.196,29.71,98.2,6.457,317.7,0.0,1786.3,266.406,82.8,0.796,0.133,0.052,0.032,6829.2,0.965
2,interactive,global,1415.833,0.092,13.096,33.7,6.296,924.0,0.0,1626.9,279.853,813.3,0.549,0.176,0.065,0.041,5851.1,0.93
2,interactive,global+hybrid,2824.092,0.025,27.261,54.4,7.328,213.5,0.0,2392.8,344.682,1236.5,0.462,0.216,0.055,0.034,6963.8,0.921
2,interactive,"percpu(soft,lb100)",743.413,0.575,5.446,20.3,4.149,779.4,0.0,1614.1,346.845,145.7,0.684,0.173,0.096,0.031,4705.8,0.928
2,interactive,percpu+hybrid,1273.208,0.054,15.333,36.6,3.873,193.6,0.0,1795.3,370.114,178.2,0.661,0.185,0.098,0.039,4862.3,0.932
4,mixed,global,3458.892,0.15,9.238,34.1,9.453,943.4,0.0,3191.3,346.211,2402.9,0.626,0.152,0.027,0.056,9242.0,0.963
4,mixed,global+hybrid,5507.531,0.113,48.968,142.0,10.516,358.1,0.0,4154.3,408.004,3099.7,0.568,0.179,0.025,0.055,10192.5,0.955
4,mixed,"percpu(soft,lb100)",2194.169,0.248,4.984,18.2,6.244,925.9,0.0,2855.8,412.935,215.8,0.832,0.103,0.042,0.043,6954.2,0.957
4,mixed,percpu+hybrid,3183.244,0.138,32.485,107.0,6.253,405.5,0.0,3604.9,508.588,263.4,0.811,0.127,0.034,0.06,7131.0,0.955
4,interactive,global,1982.423,0.073,21.476,52.9,7.373,949.6,0.0,3326.8,491.721,2482.7,0.446,0.217,0.062,0.073,6778.2,0.914
4,interactive,global+hybrid,4224.91,0.01,37.013,76.6,10.044,298.1,0.0,5428.5,607.879,4117.9,0.338,0.267,0.049,0.033,8939.4,0.904
4,interactive,"percpu(soft,lb100)",745.965,0.104,6.692,22.9,4.177,911.8,0.0,3206.6,684.055,512.0,0.643,0.171,0.104,0.061,4705.7,0.919
4,interactive,percpu+hybrid,1308.787,0.017,15.92,34.9,3.858,179.3,0.0,3670.1,739.886,612.7,0.61,0.185,0.112,0.058,4959.8,0.931
8,mixed,global,4028.157,0.197,13.651,56.8,10.8,957.3,0.1,6413.5,625.397,5544.0,0.556,0.217,0.025,0.094,10267.6,0.96
8,mixed,global+hybrid,7034.98,0.207,63.277,172.4,12.874,428.7,0.0,8818.1,738.878,7683.4,0.478,0.256,0.025,0.103,11941.9,0.954
8,mixed,"percpu(soft,lb100)",2168.379,0.227,5.856,22.8,6.243,949.6,0.0,5630.0,808.967,616.0,0.817,0.101,0.048,0.069,6980.4,0.957
8,mixed,percpu+hybrid,3225.438,0.101,32.378,100.0,6.396,388.5,0.0,7391.5,1025.035,745.6,0.788,0.128,0.045,0.076,7238.2,0.957
8,interactive,global,2827.379,0.164,29.546,76.9,9.162,960.2,0.0,6723.0,815.142,5818.6,0.404,0.283,0.049,0.133,8252.0,0.924
8,interactive,global+hybrid,6119.384,0.123,50.797,113.4,13.415,389.9,0.0,11292.9,997.031,9892.1,0.294,0.345,0.033,0.072,11324.7,0.926
8,interactive,"percpu(soft,lb100)",858.281,0.135,7.426,23.7,4.25,940.7,0.0,6209.6,1226.894,1218.5,0.657,0.153,0.099,0.079,5068.2,0.922
8,interactive,percpu+hybrid,1515.886,0.033,17.745,38.1,4.178,205.7,0.0,7571.3,1425.269,1444.7,0.626,0.178,0.093,0.077,5315.7,0.932
16,mixed,global,5725.352,0.467,27.647,110.6,14.039,924.0,0.1,14286.0,1119.237,13301.5,0.447,0.336,0.022,0.217,12774.1,0.951
16,mixed,global+hybrid,10259.458,0.673,88.079,270.4,16.338,589.5,0.0,19818.8,1282.197,18520.7,0.369,0.384,0.022,0.196,15456.4,0.963
16,mixed,"percpu(soft,lb100)",2157.328,0.172,6.076,22.1,6.213,967.3,0.0,11004.7,1568.247,1468.7,0.811,0.098,0.052,0.081,7033.8,0.957
16,mixed,percpu+hybrid,3240.136,0.066,32.928,98.3,6.344,400.2,0.0,14633.0,2009.625,1788.2,0.781,0.126,0.048,0.095,7307.5,0.953
16,interactive,global,4474.022,0.454,47.199,120.2,12.398,938.7,0.1,14688.2,1363.275,13670.3,0.308,0.409,0.045,0.246,10774.1,0.924
16,interactive,global+hybrid,9678.977,0.45,74.815,178.9,18.424,567.7,0.0,24404.4,1596.162,22883.4,0.217,0.478,0.025,0.166,15290.8,0.931
16,interactive,"percpu(soft,lb100)",884.229,0.07,8.014,24.4,4.254,968.4,0.0,12270.4,2384.124,2753.7,0.643,0.149,0.108,0.107,5155.8,0.922
16,interactive,percpu+hybrid,1569.332,0.023,18.164,37.3,4.264,257.1,0.0,15381.7,2869.547,3219.2,0.618,0.179,0.09,0.097,5365.1,0.925
