workload,affinity,lb_period,idle_steal,avg_wait,avg_resp,int_lat_mean,int_lat_p95,batch_slowdown,max_wait,starved,switches,switch_per_kt,migrations,util,overhead_frac,idle_frac,imbalance,makespan,jain_batch
mixed,strict,0,0,2030.396,0.385,2.705,10.5,6.112,996.7,0.4,5611.2,737.031,0.0,0.748,0.092,0.16,0.29,7637.4,0.949
mixed,strict,0,1,1932.057,0.284,3.208,10.8,5.855,970.0,0.0,5678.0,836.003,139.0,0.837,0.105,0.051,0.08,6815.6,0.945
mixed,strict,400,1,1958.618,0.493,3.417,12.4,5.9,979.2,0.2,5663.6,835.15,150.1,0.838,0.104,0.049,0.084,6807.6,0.95
mixed,strict,100,1,1995.894,1.873,5.302,20.0,5.85,971.0,0.1,5538.7,815.754,187.3,0.837,0.102,0.051,0.115,6815.5,0.95
mixed,strict,25,1,2022.907,2.516,5.291,18.3,5.931,957.6,0.1,5489.9,804.411,244.1,0.833,0.101,0.053,0.111,6851.8,0.951
mixed,soft,0,0,2125.873,0.192,4.435,15.5,6.245,959.2,0.0,5602.3,775.57,457.5,0.788,0.097,0.091,0.12,7235.8,0.962
mixed,soft,0,1,2122.64,0.239,4.514,15.8,6.23,958.7,0.0,5656.5,809.765,585.1,0.814,0.101,0.053,0.076,7003.7,0.962
mixed,soft,400,1,2135.025,0.182,4.857,16.7,6.236,962.1,0.0,5648.9,812.869,582.7,0.818,0.102,0.048,0.07,6970.3,0.959
mixed,soft,100,1,2168.379,0.227,5.856,22.8,6.243,949.6,0.0,5630.0,808.967,616.0,0.817,0.101,0.048,0.069,6980.4,0.957
mixed,soft,25,1,2199.644,0.219,7.328,28.5,6.181,937.4,0.0,5599.0,803.258,680.4,0.816,0.1,0.047,0.078,6989.1,0.956
mixed,none,0,0,2569.059,0.096,6.628,23.5,7.303,971.4,0.0,5451.5,707.932,2441.0,0.74,0.088,0.053,0.085,7710.8,0.96
mixed,none,0,1,2550.7,0.079,6.219,22.5,7.29,973.8,0.0,5534.4,723.695,2528.5,0.745,0.09,0.04,0.024,7658.0,0.963
mixed,none,400,1,2559.296,0.072,6.389,23.5,7.298,970.4,0.0,5543.0,725.457,2526.6,0.745,0.091,0.04,0.023,7651.7,0.962
mixed,none,100,1,2584.615,0.135,7.155,27.7,7.287,977.0,0.0,5525.4,721.936,2546.8,0.744,0.09,0.041,0.022,7667.2,0.964
mixed,none,25,1,2631.976,0.13,8.961,35.8,7.261,967.7,0.0,5533.1,721.243,2544.7,0.742,0.09,0.043,0.029,7684.6,0.96
bursty,strict,0,0,2262.723,2.227,2.424,10.2,6.637,972.3,0.0,5776.9,737.791,0.0,0.734,0.092,0.173,0.385,7904.3,0.963
bursty,strict,0,1,2146.872,2.435,2.782,12.3,6.364,978.9,0.2,5706.8,852.502,61.5,0.858,0.107,0.032,0.068,6734.9,0.962
bursty,strict,400,1,2166.378,2.414,2.298,9.4,6.442,950.1,0.0,5784.5,869.355,66.5,0.863,0.109,0.024,0.061,6697.7,0.968
bursty,strict,100,1,2181.065,2.601,2.48,9.9,6.472,961.6,0.0,5764.8,866.718,87.7,0.863,0.108,0.023,0.054,6695.7,0.969
bursty,strict,25,1,2185.345,2.356,2.368,9.8,6.489,959.9,0.0,5787.0,864.796,138.4,0.858,0.108,0.026,0.057,6734.9,0.97
bursty,soft,0,0,2330.78,1.409,4.895,20.2,6.627,954.5,0.0,5641.2,807.235,435.1,0.822,0.101,0.053,0.122,7030.9,0.969
bursty,soft,0,1,2334.783,1.435,4.763,19.2,6.676,957.9,0.0,5643.9,825.582,484.9,0.841,0.103,0.029,0.083,6871.5,0.967
bursty,soft,400,1,2343.363,1.436,5.409,20.0,6.636,955.5,0.0,5605.8,824.922,499.3,0.845,0.103,0.024,0.082,6837.9,0.967
bursty,soft,100,1,2399.686,1.38,6.587,25.5,6.677,952.6,0.0,5575.2,821.55,537.7,0.846,0.103,0.021,0.078,6828.8,0.968
bursty,soft,25,1,2457.217,1.442,8.238,30.3,6.707,949.2,0.0,5599.0,819.829,595.4,0.841,0.102,0.023,0.073,6869.7,0.966
bursty,none,0,0,2787.224,1.31,7.446,31.4,7.672,962.5,0.0,5504.3,727.783,2422.3,0.761,0.091,0.027,0.054,7585.9,0.968
bursty,none,0,1,2791.204,1.4,7.575,31.6,7.686,959.6,0.0,5488.0,730.857,2460.3,0.767,0.091,0.018,0.023,7535.9,0.966
bursty,none,400,1,2806.875,1.369,7.901,31.7,7.703,961.3,0.0,5493.6,730.313,2457.4,0.765,0.091,0.02,0.022,7546.1,0.965
bursty,none,100,1,2835.179,1.364,8.539,33.9,7.729,967.0,0.0,5545.3,738.488,2466.6,0.767,0.092,0.017,0.021,7534.0,0.964
bursty,none,25,1,2918.117,1.334,11.214,43.8,7.708,964.4,0.0,5543.6,735.902,2468.7,0.764,0.092,0.02,0.034,7560.0,0.964
