lock_cost,mig_penalty,g_wait,p_wait,g_lat95,p_lat95,g_makespan,p_makespan,g_util,p_util,wait_ratio_p_over_g
0.0,0,1946.461,1960.742,0.7,12.3,6786.7,6737.1,0.841,0.847,1.007
0.0,3,3192.365,2168.379,26.1,22.8,8934.5,6980.4,0.638,0.817,0.679
0.0,10,10590.649,2884.706,349.8,72.4,17980.5,7819.3,0.317,0.729,0.272
0.05,0,2088.196,1960.742,1.1,12.3,7076.1,6737.1,0.806,0.847,0.939
0.05,3,3343.209,2168.379,27.9,22.8,9193.0,6980.4,0.62,0.817,0.649
0.05,10,10671.274,2884.706,366.0,72.4,18818.8,7819.3,0.303,0.729,0.27
0.1,0,2224.72,1960.742,1.6,12.3,7349.8,6737.1,0.776,0.847,0.881
0.1,3,3548.179,2168.379,38.4,22.8,9496.5,6980.4,0.601,0.817,0.611
0.1,10,11170.649,2884.706,383.1,72.4,19761.5,7819.3,0.289,0.729,0.258
0.25,0,2625.871,1960.742,4.2,12.3,8154.1,6737.1,0.7,0.847,0.747
0.25,3,4028.157,2168.379,56.8,22.8,10267.6,6980.4,0.556,0.817,0.538
0.25,10,12588.859,2884.706,387.8,72.4,21932.4,7819.3,0.26,0.729,0.229
0.5,0,3247.331,1960.742,12.9,12.3,9241.1,6737.1,0.617,0.847,0.604
0.5,3,5112.366,2168.379,97.8,22.8,11861.9,6980.4,0.481,0.817,0.424
0.5,10,16031.837,2884.706,517.9,72.4,26693.6,7819.3,0.214,0.729,0.18
